{"mean": [0.02074639863635577, 54.91148650258512, 381.46253365418977, -0.003220163065810251, 0.5828335369193496, 0.41716646308065036], "scale": [0.1397633865857211, 37.931402092974594, 261.97849298436034, 0.17137513725458478, 0.3163267338279189, 0.3163267338279189]}