{
    "Training and Validation Metrics Without Weights": {
        "loss": 0.018894348293542862,
        "components_output_loss": 0.004074651747941971,
        "type_output_loss": 0.00519431009888649,
        "cause_output_loss": 0.007998314686119556,
        "components_output_accuracy": 0.49028217792510986,
        "components_output_auc": 0.9475301504135132,
        "components_output_recall": 0.2912422716617584,
        "components_output_precision": 0.7055073380470276,
        "type_output_accuracy": 0.5991354584693909,
        "type_output_auc_1": 0.9551803469657898,
        "type_output_recall_1": 0.5752626657485962,
        "type_output_precision_1": 0.8394542336463928,
        "cause_output_accuracy": 0.30644336342811584,
        "cause_output_auc_2": 0.9580746293067932,
        "cause_output_recall_2": 0.7533736228942871,
        "cause_output_precision_2": 0.8540298938751221,
        "val_loss": 0.017860112711787224,
        "val_components_output_loss": 0.0038790882099419832,
        "val_type_output_loss": 0.004840153269469738,
        "val_cause_output_loss": 0.007513495162129402,
        "val_components_output_accuracy": 0.518424391746521,
        "val_components_output_auc": 0.9544708728790283,
        "val_components_output_recall": 0.3290742039680481,
        "val_components_output_precision": 0.7241119742393494,
        "val_type_output_accuracy": 0.625,
        "val_type_output_auc_1": 0.9625056982040405,
        "val_type_output_recall_1": 0.5982553362846375,
        "val_type_output_precision_1": 0.8721418380737305,
        "val_cause_output_accuracy": 0.3152001202106476,
        "val_cause_output_auc_2": 0.9640769958496094,
        "val_cause_output_recall_2": 0.7659080028533936,
        "val_cause_output_precision_2": 0.8699604272842407,
        "lr": 9.999999974752427e-07
    },
    "Training and Validation Metrics With Weights": {
        "loss": 13.9533109664917,
        "components_output_loss": 0.042066726833581924,
        "type_output_loss": 0.03356952965259552,
        "cause_output_loss": 0.04186198115348816,
        "components_output_accuracy": 0.04843595623970032,
        "components_output_auc": 0.5398448705673218,
        "components_output_recall": 0.4590623378753662,
        "components_output_precision": 0.0525149405002594,
        "type_output_accuracy": 0.05708158761262894,
        "type_output_auc_1": 0.5396842956542969,
        "type_output_recall_1": 0.32248878479003906,
        "type_output_precision_1": 0.0970345214009285,
        "cause_output_accuracy": 0.09486367553472519,
        "cause_output_auc_2": 0.5659534335136414,
        "cause_output_recall_2": 0.5180292725563049,
        "cause_output_precision_2": 0.2883870303630829,
        "val_loss": 11.011652946472168,
        "val_components_output_loss": 0.021344797685742378,
        "val_type_output_loss": 0.014381787739694118,
        "val_cause_output_loss": 0.0202751774340868,
        "val_components_output_accuracy": 0.06766200810670853,
        "val_components_output_auc": 0.5283669233322144,
        "val_components_output_recall": 0.2771661579608917,
        "val_components_output_precision": 0.04066823422908783,
        "val_type_output_accuracy": 0.328065425157547,
        "val_type_output_auc_1": 0.688676118850708,
        "val_type_output_recall_1": 0.29134973883628845,
        "val_type_output_precision_1": 0.20487096905708313,
        "val_cause_output_accuracy": 0.08934243768453598,
        "val_cause_output_auc_2": 0.6992926597595215,
        "val_cause_output_recall_2": 0.6346641778945923,
        "val_cause_output_precision_2": 0.39384594559669495,
        "lr": 8.019020606298e-05
    }
}